"id";"encuesta_id";"empleado_id";"contestado";"created_at";"updated_at"
1;1;1;1;"2019-08-08 08:52:16";"2019-08-08 08:52:16"
2;2;1;1;"2019-08-08 08:52:16";"2019-08-08 08:52:16"
3;3;1;1;"2019-08-08 08:52:16";"2019-08-08 08:52:16"
4;4;1;1;"2019-08-08 08:52:16";"2019-08-08 08:52:16"
5;5;1;1;"2019-08-08 08:52:16";"2019-08-08 08:52:16"
6;1;2;1;"2019-08-08 08:52:16";"2019-08-08 08:52:16"
7;2;2;1;"2019-08-08 08:52:16";"2019-08-08 08:52:16"
8;3;2;1;"2019-08-08 08:52:16";"2019-08-08 08:52:16"
9;4;2;1;"2019-08-08 08:52:16";"2019-08-08 08:52:16"
10;5;2;1;"2019-08-08 08:52:16";"2019-08-08 08:52:16"
11;1;3;1;"2019-08-08 08:52:16";"2019-08-08 08:52:16"
12;2;3;1;"2019-08-08 08:52:16";"2019-08-08 08:52:16"
13;3;3;1;"2019-08-08 08:52:16";"2019-08-08 08:52:16"
14;4;3;1;"2019-08-08 08:52:16";"2019-08-08 08:52:16"
15;5;3;1;"2019-08-08 08:52:16";"2019-08-08 08:52:16"
16;1;4;1;"2019-08-08 08:52:16";"2019-08-08 08:52:16"
17;2;4;1;"2019-08-08 08:52:16";"2019-08-08 08:52:16"
18;3;4;1;"2019-08-08 08:52:16";"2019-08-08 08:52:16"
19;4;4;1;"2019-08-08 08:52:16";"2019-08-08 08:52:16"
20;5;4;1;"2019-08-08 08:52:16";"2019-08-08 08:52:16"
21;1;5;1;"2019-08-08 08:52:16";"2019-08-08 08:52:16"
22;2;5;1;"2019-08-08 08:52:16";"2019-08-08 08:52:16"
23;3;5;1;"2019-08-08 08:52:16";"2019-08-08 08:52:16"
24;4;5;1;"2019-08-08 08:52:16";"2019-08-08 08:52:16"
25;5;5;1;"2019-08-08 08:52:16";"2019-08-08 08:52:16"
26;1;6;1;"2019-08-08 08:52:16";"2019-08-08 08:52:16"
27;2;6;1;"2019-08-08 08:52:16";"2019-08-08 08:52:16"
28;3;6;1;"2019-08-08 08:52:16";"2019-08-08 08:52:16"
29;4;6;1;"2019-08-08 08:52:16";"2019-08-08 08:52:16"
30;5;6;1;"2019-08-08 08:52:16";"2019-08-08 08:52:16"
31;1;7;1;"2019-08-08 08:52:16";"2019-08-08 08:52:16"
32;2;7;1;"2019-08-08 08:52:16";"2019-08-08 08:52:16"
33;3;7;1;"2019-08-08 08:52:17";"2019-08-08 08:52:17"
34;4;7;1;"2019-08-08 08:52:17";"2019-08-08 08:52:17"
35;5;7;1;"2019-08-08 08:52:17";"2019-08-08 08:52:17"
36;1;8;1;"2019-08-08 08:52:17";"2019-08-08 08:52:17"
37;2;8;1;"2019-08-08 08:52:17";"2019-08-08 08:52:17"
38;3;8;1;"2019-08-08 08:52:17";"2019-08-08 08:52:17"
39;4;8;1;"2019-08-08 08:52:17";"2019-08-08 08:52:17"
40;5;8;1;"2019-08-08 08:52:17";"2019-08-08 08:52:17"
41;1;9;1;"2019-08-08 08:52:17";"2019-08-08 08:52:17"
42;2;9;1;"2019-08-08 08:52:17";"2019-08-08 08:52:17"
43;3;9;1;"2019-08-08 08:52:17";"2019-08-08 08:52:17"
44;4;9;1;"2019-08-08 08:52:17";"2019-08-08 08:52:17"
45;5;9;1;"2019-08-08 08:52:17";"2019-08-08 08:52:17"
46;1;10;1;"2019-08-08 08:52:17";"2019-08-08 08:52:17"
47;2;10;1;"2019-08-08 08:52:17";"2019-08-08 08:52:17"
48;3;10;1;"2019-08-08 08:52:17";"2019-08-08 08:52:17"
49;4;10;1;"2019-08-08 08:52:17";"2019-08-08 08:52:17"
50;5;10;1;"2019-08-08 08:52:17";"2019-08-08 08:52:17"
51;1;11;1;"2019-08-08 08:52:17";"2019-08-08 08:52:17"
52;2;11;1;"2019-08-08 08:52:17";"2019-08-08 08:52:17"
53;3;11;1;"2019-08-08 08:52:17";"2019-08-08 08:52:17"
54;4;11;1;"2019-08-08 08:52:17";"2019-08-08 08:52:17"
55;5;11;1;"2019-08-08 08:52:17";"2019-08-08 08:52:17"
56;1;12;1;"2019-08-08 08:52:17";"2019-08-08 08:52:17"
57;2;12;1;"2019-08-08 08:52:17";"2019-08-08 08:52:17"
58;3;12;1;"2019-08-08 08:52:18";"2019-08-08 08:52:18"
59;4;12;1;"2019-08-08 08:52:18";"2019-08-08 08:52:18"
60;5;12;1;"2019-08-08 08:52:18";"2019-08-08 08:52:18"
61;1;13;1;"2019-08-08 08:52:18";"2019-08-08 08:52:18"
62;2;13;1;"2019-08-08 08:52:18";"2019-08-08 08:52:18"
63;3;13;1;"2019-08-08 08:52:18";"2019-08-08 08:52:18"
64;4;13;1;"2019-08-08 08:52:18";"2019-08-08 08:52:18"
65;5;13;1;"2019-08-08 08:52:18";"2019-08-08 08:52:18"
66;1;14;1;"2019-08-08 08:52:18";"2019-08-08 08:52:18"
67;2;14;1;"2019-08-08 08:52:18";"2019-08-08 08:52:18"
68;3;14;1;"2019-08-08 08:52:18";"2019-08-08 08:52:18"
69;4;14;1;"2019-08-08 08:52:18";"2019-08-08 08:52:18"
70;5;14;1;"2019-08-08 08:52:18";"2019-08-08 08:52:18"
71;1;15;1;"2019-08-08 08:52:18";"2019-08-08 08:52:18"
72;2;15;1;"2019-08-08 08:52:18";"2019-08-08 08:52:18"
73;3;15;1;"2019-08-08 08:52:18";"2019-08-08 08:52:18"
74;4;15;1;"2019-08-08 08:52:18";"2019-08-08 08:52:18"
75;5;15;1;"2019-08-08 08:52:18";"2019-08-08 08:52:18"
76;1;16;1;"2019-08-08 08:52:18";"2019-08-08 08:52:18"
77;2;16;1;"2019-08-08 08:52:18";"2019-08-08 08:52:18"
78;3;16;1;"2019-08-08 08:52:18";"2019-08-08 08:52:18"
79;4;16;1;"2019-08-08 08:52:18";"2019-08-08 08:52:18"
80;5;16;1;"2019-08-08 08:52:18";"2019-08-08 08:52:18"
81;1;17;1;"2019-08-08 08:52:18";"2019-08-08 08:52:18"
82;2;17;1;"2019-08-08 08:52:18";"2019-08-08 08:52:18"
83;3;17;1;"2019-08-08 08:52:18";"2019-08-08 08:52:18"
84;4;17;1;"2019-08-08 08:52:18";"2019-08-08 08:52:18"
85;5;17;1;"2019-08-08 08:52:19";"2019-08-08 08:52:19"
86;1;18;1;"2019-08-08 08:52:19";"2019-08-08 08:52:19"
87;2;18;1;"2019-08-08 08:52:19";"2019-08-08 08:52:19"
88;3;18;1;"2019-08-08 08:52:19";"2019-08-08 08:52:19"
89;4;18;1;"2019-08-08 08:52:19";"2019-08-08 08:52:19"
90;5;18;1;"2019-08-08 08:52:19";"2019-08-08 08:52:19"
91;1;19;1;"2019-08-08 08:52:19";"2019-08-08 08:52:19"
92;2;19;1;"2019-08-08 08:52:19";"2019-08-08 08:52:19"
93;3;19;1;"2019-08-08 08:52:19";"2019-08-08 08:52:19"
94;4;19;1;"2019-08-08 08:52:19";"2019-08-08 08:52:19"
95;5;19;1;"2019-08-08 08:52:19";"2019-08-08 08:52:19"
96;1;20;1;"2019-08-08 08:52:19";"2019-08-08 08:52:19"
97;2;20;1;"2019-08-08 08:52:19";"2019-08-08 08:52:19"
98;3;20;1;"2019-08-08 08:52:19";"2019-08-08 08:52:19"
99;4;20;1;"2019-08-08 08:52:19";"2019-08-08 08:52:19"
100;5;20;1;"2019-08-08 08:52:19";"2019-08-08 08:52:19"
101;1;21;1;"2019-08-08 08:52:19";"2019-08-08 08:52:19"
102;2;21;1;"2019-08-08 08:52:19";"2019-08-08 08:52:19"
103;3;21;1;"2019-08-08 08:52:19";"2019-08-08 08:52:19"
104;4;21;1;"2019-08-08 08:52:19";"2019-08-08 08:52:19"
105;5;21;1;"2019-08-08 08:52:19";"2019-08-08 08:52:19"
106;1;22;1;"2019-08-08 08:52:19";"2019-08-08 08:52:19"
107;2;22;1;"2019-08-08 08:52:19";"2019-08-08 08:52:19"
108;3;22;1;"2019-08-08 08:52:19";"2019-08-08 08:52:19"
109;4;22;1;"2019-08-08 08:52:19";"2019-08-08 08:52:19"
110;5;22;1;"2019-08-08 08:52:20";"2019-08-08 08:52:20"
111;1;23;1;"2019-08-08 08:52:20";"2019-08-08 08:52:20"
112;2;23;1;"2019-08-08 08:52:20";"2019-08-08 08:52:20"
113;3;23;1;"2019-08-08 08:52:20";"2019-08-08 08:52:20"
114;4;23;1;"2019-08-08 08:52:20";"2019-08-08 08:52:20"
115;5;23;1;"2019-08-08 08:52:20";"2019-08-08 08:52:20"
116;1;24;1;"2019-08-08 08:52:20";"2019-08-08 08:52:20"
117;2;24;1;"2019-08-08 08:52:20";"2019-08-08 08:52:20"
118;3;24;1;"2019-08-08 08:52:20";"2019-08-08 08:52:20"
119;4;24;1;"2019-08-08 08:52:20";"2019-08-08 08:52:20"
120;5;24;1;"2019-08-08 08:52:20";"2019-08-08 08:52:20"
121;1;25;1;"2019-08-08 08:52:20";"2019-08-08 08:52:20"
122;2;25;1;"2019-08-08 08:52:20";"2019-08-08 08:52:20"
123;3;25;1;"2019-08-08 08:52:20";"2019-08-08 08:52:20"
124;4;25;1;"2019-08-08 08:52:20";"2019-08-08 08:52:20"
125;5;25;1;"2019-08-08 08:52:20";"2019-08-08 08:52:20"
126;1;26;1;"2019-08-08 08:52:20";"2019-08-08 08:52:20"
127;2;26;1;"2019-08-08 08:52:20";"2019-08-08 08:52:20"
128;3;26;1;"2019-08-08 08:52:20";"2019-08-08 08:52:20"
129;4;26;1;"2019-08-08 08:52:20";"2019-08-08 08:52:20"
130;5;26;1;"2019-08-08 08:52:20";"2019-08-08 08:52:20"
131;1;27;1;"2019-08-08 08:52:20";"2019-08-08 08:52:20"
132;2;27;1;"2019-08-08 08:52:20";"2019-08-08 08:52:20"
133;3;27;1;"2019-08-08 08:52:20";"2019-08-08 08:52:20"
134;4;27;1;"2019-08-08 08:52:20";"2019-08-08 08:52:20"
135;5;27;1;"2019-08-08 08:52:20";"2019-08-08 08:52:20"
136;1;28;1;"2019-08-08 08:52:20";"2019-08-08 08:52:20"
137;2;28;1;"2019-08-08 08:52:20";"2019-08-08 08:52:20"
138;3;28;1;"2019-08-08 08:52:20";"2019-08-08 08:52:20"
139;4;28;1;"2019-08-08 08:52:21";"2019-08-08 08:52:21"
140;5;28;1;"2019-08-08 08:52:21";"2019-08-08 08:52:21"
141;1;29;1;"2019-08-08 08:52:21";"2019-08-08 08:52:21"
142;2;29;1;"2019-08-08 08:52:21";"2019-08-08 08:52:21"
143;3;29;1;"2019-08-08 08:52:21";"2019-08-08 08:52:21"
144;4;29;1;"2019-08-08 08:52:21";"2019-08-08 08:52:21"
145;5;29;1;"2019-08-08 08:52:21";"2019-08-08 08:52:21"
146;1;30;1;"2019-08-08 08:52:21";"2019-08-08 08:52:21"
147;2;30;1;"2019-08-08 08:52:21";"2019-08-08 08:52:21"
148;3;30;1;"2019-08-08 08:52:21";"2019-08-08 08:52:21"
149;4;30;1;"2019-08-08 08:52:21";"2019-08-08 08:52:21"
150;5;30;1;"2019-08-08 08:52:21";"2019-08-08 08:52:21"
151;1;31;1;"2019-08-08 08:52:21";"2019-08-08 08:52:21"
152;2;31;1;"2019-08-08 08:52:21";"2019-08-08 08:52:21"
153;3;31;1;"2019-08-08 08:52:21";"2019-08-08 08:52:21"
154;4;31;1;"2019-08-08 08:52:21";"2019-08-08 08:52:21"
155;5;31;1;"2019-08-08 08:52:21";"2019-08-08 08:52:21"
156;1;32;1;"2019-08-08 08:52:21";"2019-08-08 08:52:21"
157;2;32;1;"2019-08-08 08:52:21";"2019-08-08 08:52:21"
158;3;32;1;"2019-08-08 08:52:21";"2019-08-08 08:52:21"
159;4;32;1;"2019-08-08 08:52:21";"2019-08-08 08:52:21"
160;5;32;1;"2019-08-08 08:52:21";"2019-08-08 08:52:21"
161;1;33;1;"2019-08-08 08:52:21";"2019-08-08 08:52:21"
162;2;33;1;"2019-08-08 08:52:21";"2019-08-08 08:52:21"
163;3;33;1;"2019-08-08 08:52:21";"2019-08-08 08:52:21"
164;4;33;1;"2019-08-08 08:52:21";"2019-08-08 08:52:21"
165;5;33;1;"2019-08-08 08:52:21";"2019-08-08 08:52:21"
166;1;34;1;"2019-08-08 08:52:21";"2019-08-08 08:52:21"
167;2;34;1;"2019-08-08 08:52:22";"2019-08-08 08:52:22"
168;3;34;1;"2019-08-08 08:52:22";"2019-08-08 08:52:22"
169;4;34;1;"2019-08-08 08:52:22";"2019-08-08 08:52:22"
170;5;34;1;"2019-08-08 08:52:22";"2019-08-08 08:52:22"
171;1;35;1;"2019-08-08 08:52:22";"2019-08-08 08:52:22"
172;2;35;1;"2019-08-08 08:52:22";"2019-08-08 08:52:22"
173;3;35;1;"2019-08-08 08:52:22";"2019-08-08 08:52:22"
174;4;35;1;"2019-08-08 08:52:22";"2019-08-08 08:52:22"
175;5;35;1;"2019-08-08 08:52:22";"2019-08-08 08:52:22"
176;1;36;1;"2019-08-08 08:52:22";"2019-08-08 08:52:22"
177;2;36;1;"2019-08-08 08:52:22";"2019-08-08 08:52:22"
178;3;36;1;"2019-08-08 08:52:22";"2019-08-08 08:52:22"
179;4;36;1;"2019-08-08 08:52:22";"2019-08-08 08:52:22"
180;5;36;1;"2019-08-08 08:52:22";"2019-08-08 08:52:22"
181;1;37;1;"2019-08-08 08:52:22";"2019-08-08 08:52:22"
182;2;37;1;"2019-08-08 08:52:22";"2019-08-08 08:52:22"
183;3;37;1;"2019-08-08 08:52:22";"2019-08-08 08:52:22"
184;4;37;1;"2019-08-08 08:52:22";"2019-08-08 08:52:22"
185;5;37;1;"2019-08-08 08:52:22";"2019-08-08 08:52:22"
186;1;38;1;"2019-08-08 08:52:22";"2019-08-08 08:52:22"
187;2;38;1;"2019-08-08 08:52:22";"2019-08-08 08:52:22"
188;3;38;1;"2019-08-08 08:52:22";"2019-08-08 08:52:22"
189;4;38;1;"2019-08-08 08:52:22";"2019-08-08 08:52:22"
190;5;38;1;"2019-08-08 08:52:22";"2019-08-08 08:52:22"
191;1;39;1;"2019-08-08 08:52:22";"2019-08-08 08:52:22"
192;2;39;1;"2019-08-08 08:52:22";"2019-08-08 08:52:22"
193;3;39;1;"2019-08-08 08:52:22";"2019-08-08 08:52:22"
194;4;39;1;"2019-08-08 08:52:22";"2019-08-08 08:52:22"
195;5;39;1;"2019-08-08 08:52:23";"2019-08-08 08:52:23"
196;1;40;1;"2019-08-08 08:52:23";"2019-08-08 08:52:23"
197;2;40;1;"2019-08-08 08:52:23";"2019-08-08 08:52:23"
198;3;40;1;"2019-08-08 08:52:23";"2019-08-08 08:52:23"
199;4;40;1;"2019-08-08 08:52:23";"2019-08-08 08:52:23"
200;5;40;1;"2019-08-08 08:52:23";"2019-08-08 08:52:23"
201;1;41;1;"2019-08-08 08:52:23";"2019-08-08 08:52:23"
202;2;41;1;"2019-08-08 08:52:23";"2019-08-08 08:52:23"
203;3;41;1;"2019-08-08 08:52:23";"2019-08-08 08:52:23"
204;4;41;1;"2019-08-08 08:52:23";"2019-08-08 08:52:23"
205;5;41;1;"2019-08-08 08:52:23";"2019-08-08 08:52:23"
206;1;42;1;"2019-08-08 08:52:23";"2019-08-08 08:52:23"
207;2;42;1;"2019-08-08 08:52:23";"2019-08-08 08:52:23"
208;3;42;1;"2019-08-08 08:52:23";"2019-08-08 08:52:23"
209;4;42;1;"2019-08-08 08:52:23";"2019-08-08 08:52:23"
210;5;42;1;"2019-08-08 08:52:23";"2019-08-08 08:52:23"
211;1;43;1;"2019-08-08 08:52:23";"2019-08-08 08:52:23"
212;2;43;1;"2019-08-08 08:52:23";"2019-08-08 08:52:23"
213;3;43;1;"2019-08-08 08:52:23";"2019-08-08 08:52:23"
214;4;43;1;"2019-08-08 08:52:23";"2019-08-08 08:52:23"
215;5;43;1;"2019-08-08 08:52:23";"2019-08-08 08:52:23"
216;1;44;1;"2019-08-08 08:52:23";"2019-08-08 08:52:23"
217;2;44;1;"2019-08-08 08:52:23";"2019-08-08 08:52:23"
218;3;44;1;"2019-08-08 08:52:23";"2019-08-08 08:52:23"
219;4;44;1;"2019-08-08 08:52:23";"2019-08-08 08:52:23"
220;5;44;1;"2019-08-08 08:52:23";"2019-08-08 08:52:23"
221;1;45;1;"2019-08-08 08:52:23";"2019-08-08 08:52:23"
222;2;45;1;"2019-08-08 08:52:23";"2019-08-08 08:52:23"
223;3;45;1;"2019-08-08 08:52:23";"2019-08-08 08:52:23"
224;4;45;1;"2019-08-08 08:52:23";"2019-08-08 08:52:23"
225;5;45;1;"2019-08-08 08:52:23";"2019-08-08 08:52:23"
226;1;46;1;"2019-08-08 08:52:24";"2019-08-08 08:52:24"
227;2;46;1;"2019-08-08 08:52:24";"2019-08-08 08:52:24"
228;3;46;1;"2019-08-08 08:52:24";"2019-08-08 08:52:24"
229;4;46;1;"2019-08-08 08:52:24";"2019-08-08 08:52:24"
230;5;46;1;"2019-08-08 08:52:24";"2019-08-08 08:52:24"
231;1;47;1;"2019-08-08 08:52:24";"2019-08-08 08:52:24"
232;2;47;1;"2019-08-08 08:52:24";"2019-08-08 08:52:24"
233;3;47;1;"2019-08-08 08:52:24";"2019-08-08 08:52:24"
234;4;47;1;"2019-08-08 08:52:24";"2019-08-08 08:52:24"
235;5;47;1;"2019-08-08 08:52:24";"2019-08-08 08:52:24"
236;1;48;1;"2019-08-08 08:52:24";"2019-08-08 08:52:24"
237;2;48;1;"2019-08-08 08:52:24";"2019-08-08 08:52:24"
238;3;48;1;"2019-08-08 08:52:24";"2019-08-08 08:52:24"
239;4;48;1;"2019-08-08 08:52:24";"2019-08-08 08:52:24"
240;5;48;1;"2019-08-08 08:52:24";"2019-08-08 08:52:24"
241;1;49;1;"2019-08-08 08:52:24";"2019-08-08 08:52:24"
242;2;49;1;"2019-08-08 08:52:24";"2019-08-08 08:52:24"
243;3;49;1;"2019-08-08 08:52:24";"2019-08-08 08:52:24"
244;4;49;1;"2019-08-08 08:52:24";"2019-08-08 08:52:24"
245;5;49;1;"2019-08-08 08:52:24";"2019-08-08 08:52:24"
246;1;50;1;"2019-08-08 08:52:24";"2019-08-08 08:52:24"
247;2;50;1;"2019-08-08 08:52:24";"2019-08-08 08:52:24"
248;3;50;1;"2019-08-08 08:52:24";"2019-08-08 08:52:24"
249;4;50;1;"2019-08-08 08:52:24";"2019-08-08 08:52:24"
250;5;50;1;"2019-08-08 08:52:24";"2019-08-08 08:52:24"
251;1;51;1;"2019-08-08 08:52:24";"2019-08-08 08:52:24"
252;2;51;1;"2019-08-08 08:52:25";"2019-08-08 08:52:25"
253;3;51;1;"2019-08-08 08:52:25";"2019-08-08 08:52:25"
254;4;51;1;"2019-08-08 08:52:25";"2019-08-08 08:52:25"
255;5;51;1;"2019-08-08 08:52:25";"2019-08-08 08:52:25"
256;1;52;1;"2019-08-08 08:52:25";"2019-08-08 08:52:25"
257;2;52;1;"2019-08-08 08:52:25";"2019-08-08 08:52:25"
258;3;52;1;"2019-08-08 08:52:25";"2019-08-08 08:52:25"
259;4;52;1;"2019-08-08 08:52:25";"2019-08-08 08:52:25"
260;5;52;1;"2019-08-08 08:52:25";"2019-08-08 08:52:25"
261;1;53;1;"2019-08-08 08:52:25";"2019-08-08 08:52:25"
262;2;53;1;"2019-08-08 08:52:25";"2019-08-08 08:52:25"
263;3;53;1;"2019-08-08 08:52:25";"2019-08-08 08:52:25"
264;4;53;1;"2019-08-08 08:52:25";"2019-08-08 08:52:25"
265;5;53;1;"2019-08-08 08:52:25";"2019-08-08 08:52:25"
266;1;54;1;"2019-08-08 08:52:25";"2019-08-08 08:52:25"
267;2;54;1;"2019-08-08 08:52:25";"2019-08-08 08:52:25"
268;3;54;1;"2019-08-08 08:52:25";"2019-08-08 08:52:25"
269;4;54;1;"2019-08-08 08:52:25";"2019-08-08 08:52:25"
270;5;54;1;"2019-08-08 08:52:25";"2019-08-08 08:52:25"
271;1;55;1;"2019-08-08 08:52:25";"2019-08-08 08:52:25"
272;2;55;1;"2019-08-08 08:52:25";"2019-08-08 08:52:25"
273;3;55;1;"2019-08-08 08:52:25";"2019-08-08 08:52:25"
274;4;55;1;"2019-08-08 08:52:25";"2019-08-08 08:52:25"
275;5;55;1;"2019-08-08 08:52:25";"2019-08-08 08:52:25"
276;1;56;1;"2019-08-08 08:52:25";"2019-08-08 08:52:25"
277;2;56;1;"2019-08-08 08:52:25";"2019-08-08 08:52:25"
278;3;56;1;"2019-08-08 08:52:25";"2019-08-08 08:52:25"
279;4;56;1;"2019-08-08 08:52:25";"2019-08-08 08:52:25"
280;5;56;1;"2019-08-08 08:52:25";"2019-08-08 08:52:25"
281;1;57;1;"2019-08-08 08:52:25";"2019-08-08 08:52:25"
282;2;57;1;"2019-08-08 08:52:25";"2019-08-08 08:52:25"
283;3;57;1;"2019-08-08 08:52:25";"2019-08-08 08:52:25"
284;4;57;1;"2019-08-08 08:52:25";"2019-08-08 08:52:25"
285;5;57;1;"2019-08-08 08:52:25";"2019-08-08 08:52:25"
286;1;58;1;"2019-08-08 08:52:26";"2019-08-08 08:52:26"
287;2;58;1;"2019-08-08 08:52:26";"2019-08-08 08:52:26"
288;3;58;1;"2019-08-08 08:52:26";"2019-08-08 08:52:26"
289;4;58;1;"2019-08-08 08:52:26";"2019-08-08 08:52:26"
290;5;58;1;"2019-08-08 08:52:26";"2019-08-08 08:52:26"
291;1;59;1;"2019-08-08 08:52:26";"2019-08-08 08:52:26"
292;2;59;1;"2019-08-08 08:52:26";"2019-08-08 08:52:26"
293;3;59;1;"2019-08-08 08:52:26";"2019-08-08 08:52:26"
294;4;59;1;"2019-08-08 08:52:26";"2019-08-08 08:52:26"
295;5;59;1;"2019-08-08 08:52:26";"2019-08-08 08:52:26"
296;1;60;1;"2019-08-08 08:52:26";"2019-08-08 08:52:26"
297;2;60;1;"2019-08-08 08:52:26";"2019-08-08 08:52:26"
298;3;60;1;"2019-08-08 08:52:26";"2019-08-08 08:52:26"
299;4;60;1;"2019-08-08 08:52:26";"2019-08-08 08:52:26"
300;5;60;1;"2019-08-08 08:52:26";"2019-08-08 08:52:26"
301;1;61;1;"2019-08-08 08:52:26";"2019-08-08 08:52:26"
302;2;61;1;"2019-08-08 08:52:26";"2019-08-08 08:52:26"
303;3;61;1;"2019-08-08 08:52:26";"2019-08-08 08:52:26"
304;4;61;1;"2019-08-08 08:52:26";"2019-08-08 08:52:26"
305;5;61;1;"2019-08-08 08:52:26";"2019-08-08 08:52:26"
306;1;62;1;"2019-08-08 08:52:26";"2019-08-08 08:52:26"
307;2;62;1;"2019-08-08 08:52:26";"2019-08-08 08:52:26"
308;3;62;1;"2019-08-08 08:52:26";"2019-08-08 08:52:26"
309;4;62;1;"2019-08-08 08:52:26";"2019-08-08 08:52:26"
310;5;62;1;"2019-08-08 08:52:26";"2019-08-08 08:52:26"
311;1;63;1;"2019-08-08 08:52:27";"2019-08-08 08:52:27"
312;2;63;1;"2019-08-08 08:52:27";"2019-08-08 08:52:27"
313;3;63;1;"2019-08-08 08:52:27";"2019-08-08 08:52:27"
314;4;63;1;"2019-08-08 08:52:27";"2019-08-08 08:52:27"
315;5;63;1;"2019-08-08 08:52:27";"2019-08-08 08:52:27"
316;1;64;1;"2019-08-08 08:52:27";"2019-08-08 08:52:27"
317;2;64;1;"2019-08-08 08:52:27";"2019-08-08 08:52:27"
318;3;64;1;"2019-08-08 08:52:27";"2019-08-08 08:52:27"
319;4;64;1;"2019-08-08 08:52:27";"2019-08-08 08:52:27"
320;5;64;1;"2019-08-08 08:52:27";"2019-08-08 08:52:27"
321;1;65;1;"2019-08-08 08:52:27";"2019-08-08 08:52:27"
322;2;65;1;"2019-08-08 08:52:27";"2019-08-08 08:52:27"
323;3;65;1;"2019-08-08 08:52:27";"2019-08-08 08:52:27"
324;4;65;1;"2019-08-08 08:52:27";"2019-08-08 08:52:27"
325;5;65;1;"2019-08-08 08:52:27";"2019-08-08 08:52:27"
326;1;66;1;"2019-08-08 08:52:27";"2019-08-08 08:52:27"
327;2;66;1;"2019-08-08 08:52:27";"2019-08-08 08:52:27"
328;3;66;1;"2019-08-08 08:52:27";"2019-08-08 08:52:27"
329;4;66;1;"2019-08-08 08:52:27";"2019-08-08 08:52:27"
330;5;66;1;"2019-08-08 08:52:27";"2019-08-08 08:52:27"
331;1;67;1;"2019-08-08 08:52:27";"2019-08-08 08:52:27"
332;2;67;1;"2019-08-08 08:52:27";"2019-08-08 08:52:27"
333;3;67;1;"2019-08-08 08:52:27";"2019-08-08 08:52:27"
334;4;67;1;"2019-08-08 08:52:27";"2019-08-08 08:52:27"
335;5;67;1;"2019-08-08 08:52:27";"2019-08-08 08:52:27"
336;1;68;1;"2019-08-08 08:52:27";"2019-08-08 08:52:27"
337;2;68;1;"2019-08-08 08:52:27";"2019-08-08 08:52:27"
338;3;68;1;"2019-08-08 08:52:27";"2019-08-08 08:52:27"
339;4;68;1;"2019-08-08 08:52:27";"2019-08-08 08:52:27"
340;5;68;1;"2019-08-08 08:52:28";"2019-08-08 08:52:28"
341;1;69;1;"2019-08-08 08:52:28";"2019-08-08 08:52:28"
342;2;69;1;"2019-08-08 08:52:28";"2019-08-08 08:52:28"
343;3;69;1;"2019-08-08 08:52:28";"2019-08-08 08:52:28"
344;4;69;1;"2019-08-08 08:52:28";"2019-08-08 08:52:28"
345;5;69;1;"2019-08-08 08:52:28";"2019-08-08 08:52:28"
346;1;70;1;"2019-08-08 08:52:28";"2019-08-08 08:52:28"
347;2;70;1;"2019-08-08 08:52:28";"2019-08-08 08:52:28"
348;3;70;1;"2019-08-08 08:52:28";"2019-08-08 08:52:28"
349;4;70;1;"2019-08-08 08:52:28";"2019-08-08 08:52:28"
350;5;70;1;"2019-08-08 08:52:28";"2019-08-08 08:52:28"
351;1;71;1;"2019-08-08 08:52:28";"2019-08-08 08:52:28"
352;2;71;1;"2019-08-08 08:52:28";"2019-08-08 08:52:28"
353;3;71;1;"2019-08-08 08:52:28";"2019-08-08 08:52:28"
354;4;71;1;"2019-08-08 08:52:28";"2019-08-08 08:52:28"
355;5;71;1;"2019-08-08 08:52:28";"2019-08-08 08:52:28"
356;1;72;1;"2019-08-08 08:52:28";"2019-08-08 08:52:28"
357;2;72;1;"2019-08-08 08:52:28";"2019-08-08 08:52:28"
358;3;72;1;"2019-08-08 08:52:28";"2019-08-08 08:52:28"
359;4;72;1;"2019-08-08 08:52:28";"2019-08-08 08:52:28"
360;5;72;1;"2019-08-08 08:52:28";"2019-08-08 08:52:28"
361;1;73;1;"2019-08-08 08:52:28";"2019-08-08 08:52:28"
362;2;73;1;"2019-08-08 08:52:28";"2019-08-08 08:52:28"
363;3;73;1;"2019-08-08 08:52:28";"2019-08-08 08:52:28"
364;4;73;1;"2019-08-08 08:52:28";"2019-08-08 08:52:28"
365;5;73;1;"2019-08-08 08:52:28";"2019-08-08 08:52:28"
366;1;74;1;"2019-08-08 08:52:28";"2019-08-08 08:52:28"
367;2;74;1;"2019-08-08 08:52:28";"2019-08-08 08:52:28"
368;3;74;1;"2019-08-08 08:52:28";"2019-08-08 08:52:28"
369;4;74;1;"2019-08-08 08:52:29";"2019-08-08 08:52:29"
370;5;74;1;"2019-08-08 08:52:29";"2019-08-08 08:52:29"
371;1;75;1;"2019-08-08 08:52:29";"2019-08-08 08:52:29"
372;2;75;1;"2019-08-08 08:52:29";"2019-08-08 08:52:29"
373;3;75;1;"2019-08-08 08:52:29";"2019-08-08 08:52:29"
374;4;75;1;"2019-08-08 08:52:29";"2019-08-08 08:52:29"
375;5;75;1;"2019-08-08 08:52:29";"2019-08-08 08:52:29"
376;1;76;1;"2019-08-08 08:52:29";"2019-08-08 08:52:29"
377;2;76;1;"2019-08-08 08:52:29";"2019-08-08 08:52:29"
378;3;76;1;"2019-08-08 08:52:29";"2019-08-08 08:52:29"
379;4;76;1;"2019-08-08 08:52:29";"2019-08-08 08:52:29"
380;5;76;1;"2019-08-08 08:52:29";"2019-08-08 08:52:29"
381;1;77;1;"2019-08-08 08:52:29";"2019-08-08 08:52:29"
382;2;77;1;"2019-08-08 08:52:29";"2019-08-08 08:52:29"
383;3;77;1;"2019-08-08 08:52:29";"2019-08-08 08:52:29"
384;4;77;1;"2019-08-08 08:52:29";"2019-08-08 08:52:29"
385;5;77;1;"2019-08-08 08:52:29";"2019-08-08 08:52:29"
386;1;78;1;"2019-08-08 08:52:29";"2019-08-08 08:52:29"
387;2;78;1;"2019-08-08 08:52:29";"2019-08-08 08:52:29"
388;3;78;1;"2019-08-08 08:52:29";"2019-08-08 08:52:29"
389;4;78;1;"2019-08-08 08:52:30";"2019-08-08 08:52:30"
390;5;78;1;"2019-08-08 08:52:30";"2019-08-08 08:52:30"
391;1;79;1;"2019-08-08 08:52:30";"2019-08-08 08:52:30"
392;2;79;1;"2019-08-08 08:52:30";"2019-08-08 08:52:30"
393;3;79;1;"2019-08-08 08:52:30";"2019-08-08 08:52:30"
394;4;79;1;"2019-08-08 08:52:30";"2019-08-08 08:52:30"
395;5;79;1;"2019-08-08 08:52:30";"2019-08-08 08:52:30"
396;1;80;1;"2019-08-08 08:52:30";"2019-08-08 08:52:30"
397;2;80;1;"2019-08-08 08:52:30";"2019-08-08 08:52:30"
398;3;80;1;"2019-08-08 08:52:30";"2019-08-08 08:52:30"
399;4;80;1;"2019-08-08 08:52:30";"2019-08-08 08:52:30"
400;5;80;1;"2019-08-08 08:52:30";"2019-08-08 08:52:30"
401;1;81;1;"2019-08-08 08:52:30";"2019-08-08 08:52:30"
402;2;81;1;"2019-08-08 08:52:30";"2019-08-08 08:52:30"
403;3;81;1;"2019-08-08 08:52:30";"2019-08-08 08:52:30"
404;4;81;1;"2019-08-08 08:52:30";"2019-08-08 08:52:30"
405;5;81;1;"2019-08-08 08:52:30";"2019-08-08 08:52:30"
406;1;82;1;"2019-08-08 08:52:30";"2019-08-08 08:52:30"
407;2;82;1;"2019-08-08 08:52:30";"2019-08-08 08:52:30"
408;3;82;1;"2019-08-08 08:52:30";"2019-08-08 08:52:30"
409;4;82;1;"2019-08-08 08:52:30";"2019-08-08 08:52:30"
410;5;82;1;"2019-08-08 08:52:30";"2019-08-08 08:52:30"
411;1;83;1;"2019-08-08 08:52:30";"2019-08-08 08:52:30"
412;2;83;1;"2019-08-08 08:52:31";"2019-08-08 08:52:31"
413;3;83;1;"2019-08-08 08:52:31";"2019-08-08 08:52:31"
414;4;83;1;"2019-08-08 08:52:31";"2019-08-08 08:52:31"
415;5;83;1;"2019-08-08 08:52:31";"2019-08-08 08:52:31"
416;1;84;1;"2019-08-08 08:52:31";"2019-08-08 08:52:31"
417;2;84;1;"2019-08-08 08:52:31";"2019-08-08 08:52:31"
418;3;84;1;"2019-08-08 08:52:31";"2019-08-08 08:52:31"
419;4;84;1;"2019-08-08 08:52:31";"2019-08-08 08:52:31"
420;5;84;1;"2019-08-08 08:52:31";"2019-08-08 08:52:31"
421;1;85;1;"2019-08-08 08:52:31";"2019-08-08 08:52:31"
422;2;85;1;"2019-08-08 08:52:31";"2019-08-08 08:52:31"
423;3;85;1;"2019-08-08 08:52:31";"2019-08-08 08:52:31"
424;4;85;1;"2019-08-08 08:52:31";"2019-08-08 08:52:31"
425;5;85;1;"2019-08-08 08:52:31";"2019-08-08 08:52:31"
426;1;86;1;"2019-08-08 08:52:31";"2019-08-08 08:52:31"
427;2;86;1;"2019-08-08 08:52:31";"2019-08-08 08:52:31"
428;3;86;1;"2019-08-08 08:52:31";"2019-08-08 08:52:31"
429;4;86;1;"2019-08-08 08:52:31";"2019-08-08 08:52:31"
430;5;86;1;"2019-08-08 08:52:31";"2019-08-08 08:52:31"
431;1;87;1;"2019-08-08 08:52:31";"2019-08-08 08:52:31"
432;2;87;1;"2019-08-08 08:52:31";"2019-08-08 08:52:31"
433;3;87;1;"2019-08-08 08:52:31";"2019-08-08 08:52:31"
434;4;87;1;"2019-08-08 08:52:31";"2019-08-08 08:52:31"
435;5;87;1;"2019-08-08 08:52:31";"2019-08-08 08:52:31"
436;1;88;1;"2019-08-08 08:52:31";"2019-08-08 08:52:31"
437;2;88;1;"2019-08-08 08:52:31";"2019-08-08 08:52:31"
438;3;88;1;"2019-08-08 08:52:31";"2019-08-08 08:52:31"
439;4;88;1;"2019-08-08 08:52:31";"2019-08-08 08:52:31"
440;5;88;1;"2019-08-08 08:52:32";"2019-08-08 08:52:32"
441;1;89;1;"2019-08-08 08:52:32";"2019-08-08 08:52:32"
442;2;89;1;"2019-08-08 08:52:32";"2019-08-08 08:52:32"
443;3;89;1;"2019-08-08 08:52:32";"2019-08-08 08:52:32"
444;4;89;1;"2019-08-08 08:52:32";"2019-08-08 08:52:32"
445;5;89;1;"2019-08-08 08:52:32";"2019-08-08 08:52:32"
446;1;90;1;"2019-08-08 08:52:32";"2019-08-08 08:52:32"
447;2;90;1;"2019-08-08 08:52:32";"2019-08-08 08:52:32"
448;3;90;1;"2019-08-08 08:52:32";"2019-08-08 08:52:32"
449;4;90;1;"2019-08-08 08:52:32";"2019-08-08 08:52:32"
450;5;90;1;"2019-08-08 08:52:32";"2019-08-08 08:52:32"
451;1;91;1;"2019-08-08 08:52:32";"2019-08-08 08:52:32"
452;2;91;1;"2019-08-08 08:52:32";"2019-08-08 08:52:32"
453;3;91;1;"2019-08-08 08:52:32";"2019-08-08 08:52:32"
454;4;91;1;"2019-08-08 08:52:32";"2019-08-08 08:52:32"
455;5;91;1;"2019-08-08 08:52:32";"2019-08-08 08:52:32"
456;1;92;1;"2019-08-08 08:52:32";"2019-08-08 08:52:32"
457;2;92;1;"2019-08-08 08:52:32";"2019-08-08 08:52:32"
458;3;92;1;"2019-08-08 08:52:32";"2019-08-08 08:52:32"
459;4;92;1;"2019-08-08 08:52:32";"2019-08-08 08:52:32"
460;5;92;1;"2019-08-08 08:52:32";"2019-08-08 08:52:32"
461;1;93;1;"2019-08-08 08:52:32";"2019-08-08 08:52:32"
462;2;93;1;"2019-08-08 08:52:32";"2019-08-08 08:52:32"
463;3;93;1;"2019-08-08 08:52:32";"2019-08-08 08:52:32"
464;4;93;1;"2019-08-08 08:52:32";"2019-08-08 08:52:32"
465;5;93;1;"2019-08-08 08:52:32";"2019-08-08 08:52:32"
466;1;94;1;"2019-08-08 08:52:32";"2019-08-08 08:52:32"
467;2;94;1;"2019-08-08 08:52:32";"2019-08-08 08:52:32"
468;3;94;1;"2019-08-08 08:52:32";"2019-08-08 08:52:32"
469;4;94;1;"2019-08-08 08:52:32";"2019-08-08 08:52:32"
470;5;94;1;"2019-08-08 08:52:32";"2019-08-08 08:52:32"
471;1;95;1;"2019-08-08 08:52:33";"2019-08-08 08:52:33"
472;2;95;1;"2019-08-08 08:52:33";"2019-08-08 08:52:33"
473;3;95;1;"2019-08-08 08:52:33";"2019-08-08 08:52:33"
474;4;95;1;"2019-08-08 08:52:33";"2019-08-08 08:52:33"
475;5;95;1;"2019-08-08 08:52:33";"2019-08-08 08:52:33"
476;1;96;1;"2019-08-08 08:52:33";"2019-08-08 08:52:33"
477;2;96;1;"2019-08-08 08:52:33";"2019-08-08 08:52:33"
478;3;96;1;"2019-08-08 08:52:33";"2019-08-08 08:52:33"
479;4;96;1;"2019-08-08 08:52:33";"2019-08-08 08:52:33"
480;5;96;1;"2019-08-08 08:52:33";"2019-08-08 08:52:33"
481;1;97;1;"2019-08-08 08:52:33";"2019-08-08 08:52:33"
482;2;97;1;"2019-08-08 08:52:33";"2019-08-08 08:52:33"
483;3;97;1;"2019-08-08 08:52:33";"2019-08-08 08:52:33"
484;4;97;1;"2019-08-08 08:52:33";"2019-08-08 08:52:33"
485;5;97;1;"2019-08-08 08:52:33";"2019-08-08 08:52:33"
486;1;98;1;"2019-08-08 08:52:33";"2019-08-08 08:52:33"
487;2;98;1;"2019-08-08 08:52:33";"2019-08-08 08:52:33"
488;3;98;1;"2019-08-08 08:52:33";"2019-08-08 08:52:33"
489;4;98;1;"2019-08-08 08:52:33";"2019-08-08 08:52:33"
490;5;98;1;"2019-08-08 08:52:33";"2019-08-08 08:52:33"
491;1;99;1;"2019-08-08 08:52:33";"2019-08-08 08:52:33"
492;2;99;1;"2019-08-08 08:52:33";"2019-08-08 08:52:33"
493;3;99;1;"2019-08-08 08:52:33";"2019-08-08 08:52:33"
494;4;99;1;"2019-08-08 08:52:33";"2019-08-08 08:52:33"
495;5;99;1;"2019-08-08 08:52:33";"2019-08-08 08:52:33"
496;1;100;1;"2019-08-08 08:52:33";"2019-08-08 08:52:33"
497;2;100;1;"2019-08-08 08:52:33";"2019-08-08 08:52:33"
498;3;100;1;"2019-08-08 08:52:34";"2019-08-08 08:52:34"
499;4;100;1;"2019-08-08 08:52:34";"2019-08-08 08:52:34"
500;5;100;1;"2019-08-08 08:52:34";"2019-08-08 08:52:34"
506;1;102;1;"2019-08-13 06:13:08";"2019-08-13 06:15:31"
507;2;102;1;"2019-08-13 06:13:08";"2019-08-13 06:16:08"
508;3;102;0;"2019-08-13 06:13:08";"2019-08-13 06:13:08"
509;4;102;0;"2019-08-13 06:13:08";"2019-08-13 06:13:08"
510;5;102;0;"2019-08-13 06:13:08";"2019-08-13 06:13:08"
